USE formation;
insert into apprenant (apprenant_id, date_debut, date_fin, mail, nom, prenom) values (1, '2024-01-13', '2023-07-03', 'omugglestone0@columbia.edu', 'Opalina', 'Mugglestone');
insert into apprenant (apprenant_id, date_debut, date_fin, mail, nom, prenom) values (2, '2023-06-21', '2023-02-02', 'rdevall1@google.com', 'Roselin', 'Devall');
insert into apprenant (apprenant_id, date_debut, date_fin, mail, nom, prenom) values (3, '2023-07-05', '2023-03-09', 'jstorie2@bloomberg.com', 'Jesus', 'Storie');
insert into apprenant (apprenant_id, date_debut, date_fin, mail, nom, prenom) values (4, '2023-09-15', '2024-01-06', 'kfanthom3@ucoz.com', 'Kacy', 'Fanthom');
insert into apprenant (apprenant_id, date_debut, date_fin, mail, nom, prenom) values (5, '2023-06-12', '2023-07-05', 'sandrews4@people.com.cn', 'Sutherlan', 'Andrews');
insert into apprenant (apprenant_id, date_debut, date_fin, mail, nom, prenom) values (6, '2024-01-02', '2024-01-02', 'wsugg5@soundcloud.com', 'Wilbert', 'Sugg');
insert into apprenant (apprenant_id, date_debut, date_fin, mail, nom, prenom) values (7, '2023-10-25', '2023-02-14', 'gmundall6@friendfeed.com', 'Gayla', 'Mundall');
insert into apprenant (apprenant_id, date_debut, date_fin, mail, nom, prenom) values (8, '2023-02-05', '2023-04-04', 'tjorgesen7@wp.com', 'Thalia', 'Jorgesen');
insert into apprenant (apprenant_id, date_debut, date_fin, mail, nom, prenom) values (9, '2023-04-17', '2023-08-04', 'jwilleson8@washingtonpost.com', 'Joyce', 'Willeson');
insert into apprenant (apprenant_id, date_debut, date_fin, mail, nom, prenom) values (10, '2023-06-09', '2023-07-22', 'areeks9@xrea.com', 'Almire', 'Reeks');
insert into apprenant (apprenant_id, date_debut, date_fin, mail, nom, prenom) values (11, '2023-09-16', '2023-03-20', 'cfrancescuccioa@kickstarter.com', 'Cthrine', 'Francescuccio');
insert into apprenant (apprenant_id, date_debut, date_fin, mail, nom, prenom) values (12, '2023-04-22', '2023-02-05', 'pandrichakb@addtoany.com', 'Patrizia', 'Andrichak');
insert into apprenant (apprenant_id, date_debut, date_fin, mail, nom, prenom) values (13, '2023-08-01', '2023-06-30', 'kholylandc@va.gov', 'Kasey', 'Holyland');
insert into apprenant (apprenant_id, date_debut, date_fin, mail, nom, prenom) values (14, '2023-03-31', '2023-09-12', 'dlongod@skype.com', 'Dru', 'Longo');
insert into apprenant (apprenant_id, date_debut, date_fin, mail, nom, prenom) values (15, '2023-04-03', '2023-03-06', 'jvolete@soundcloud.com', 'Jolee', 'Volet');
insert into apprenant (apprenant_id, date_debut, date_fin, mail, nom, prenom) values (16, '2024-01-07', '2023-07-09', 'dvinef@unblog.fr', 'Delano', 'Vine');
insert into apprenant (apprenant_id, date_debut, date_fin, mail, nom, prenom) values (17, '2023-09-29', '2024-01-21', 'sivashovg@desdev.cn', 'Syd', 'Ivashov');
insert into apprenant (apprenant_id, date_debut, date_fin, mail, nom, prenom) values (18, '2023-04-09', '2023-02-11', 'areddlesdenh@si.edu', 'Ailene', 'Reddlesden');
insert into apprenant (apprenant_id, date_debut, date_fin, mail, nom, prenom) values (19, '2023-03-28', '2023-06-15', 'amelleri@google.it', 'Alysia', 'Meller');
insert into apprenant (apprenant_id, date_debut, date_fin, mail, nom, prenom) values (20, '2023-06-15', '2023-09-10', 'tcecerej@globo.com', 'Tab', 'Cecere');

insert into groupe_apprenant (group_id, apprenant_id) values (2, 7);
insert into groupe_apprenant (group_id, apprenant_id) values (9, 7);
insert into groupe_apprenant (group_id, apprenant_id) values (1, 16);
insert into groupe_apprenant (group_id, apprenant_id) values (9, 9);
insert into groupe_apprenant (group_id, apprenant_id) values (1, 11);
insert into groupe_apprenant (group_id, apprenant_id) values (5, 1);
insert into groupe_apprenant (group_id, apprenant_id) values (5, 20);
insert into groupe_apprenant (group_id, apprenant_id) values (10, 9);
insert into groupe_apprenant (group_id, apprenant_id) values (8, 15);
insert into groupe_apprenant (group_id, apprenant_id) values (6, 3);
insert into groupe_apprenant (group_id, apprenant_id) values (5, 9);
insert into groupe_apprenant (group_id, apprenant_id) values (5, 8);
insert into groupe_apprenant (group_id, apprenant_id) values (5, 12);
insert into groupe_apprenant (group_id, apprenant_id) values (3, 17);
insert into groupe_apprenant (group_id, apprenant_id) values (2, 15);
insert into groupe_apprenant (group_id, apprenant_id) values (10, 15);
insert into groupe_apprenant (group_id, apprenant_id) values (9, 14);
insert into groupe_apprenant (group_id, apprenant_id) values (8, 10);
insert into groupe_apprenant (group_id, apprenant_id) values (4, 20);
insert into groupe_apprenant (group_id, apprenant_id) values (9, 20);
insert into groupe_apprenant (group_id, apprenant_id) values (3, 18);
insert into groupe_apprenant (group_id, apprenant_id) values (9, 15);
insert into groupe_apprenant (group_id, apprenant_id) values (3, 13);
insert into groupe_apprenant (group_id, apprenant_id) values (7, 10);
insert into groupe_apprenant (group_id, apprenant_id) values (10, 13);
insert into groupe_apprenant (group_id, apprenant_id) values (5, 14);
insert into groupe_apprenant (group_id, apprenant_id) values (8, 11);
insert into groupe_apprenant (group_id, apprenant_id) values (3, 19);
insert into groupe_apprenant (group_id, apprenant_id) values (2, 9);

insert into exercice (exercice_id, nom, date_debut, date_fin) values (1, 'condimentum id luctus nec', '2023-03-21', '2023-07-08');
insert into exercice (exercice_id, nom, date_debut, date_fin) values (2, 'sit amet diam in magna', '2023-02-27', '2023-08-03');
insert into exercice (exercice_id, nom, date_debut, date_fin) values (3, 'ultrices posuere cubilia', '2024-01-19', '2023-12-13');
insert into exercice (exercice_id, nom, date_debut, date_fin) values (4, 'enim sit', '2023-07-03', '2023-08-10');
insert into exercice (exercice_id, nom, date_debut, date_fin) values (5, 'pretium quis lectus', '2023-04-13', '2023-10-13');

insert into diplome (diplome_id, libele) values (1, 'pellentesque viverra pede');
insert into diplome (diplome_id, libele) values (2, 'accumsan felis ut');

insert into competence (competence_id, libele, diplome_id) values (1, 'ac tellus semper interdum mauris', 1);
insert into competence (competence_id, libele, diplome_id) values (2, 'tristique fusce', 2);
insert into competence (competence_id, libele, diplome_id) values (3, 'amet turpis elementum', 2);
insert into competence (competence_id, libele, diplome_id) values (4, 'sapien arcu sed augue', 1);
insert into competence (competence_id, libele, diplome_id) values (5, 'amet consectetuer adipiscing elit proin', 2);
insert into competence (competence_id, libele, diplome_id) values (6, 'in eleifend quam a odio', 1);
insert into competence (competence_id, libele, diplome_id) values (7, 'dolor morbi', 2);
insert into competence (competence_id, libele, diplome_id) values (8, 'phasellus id sapien in', 1);
insert into competence (competence_id, libele, diplome_id) values (9, 'in imperdiet et commodo vulputate', 1);
insert into competence (competence_id, libele, diplome_id) values (10, 'dictumst aliquam augue', 1);
insert into competence (competence_id, libele, diplome_id) values (11, 'convallis nulla', 1);
insert into competence (competence_id, libele, diplome_id) values (12, 'nulla tellus', 1);
insert into competence (competence_id, libele, diplome_id) values (13, 'ante vestibulum ante ipsum', 2);
insert into competence (competence_id, libele, diplome_id) values (14, 'ipsum primis in faucibus', 1);
insert into competence (competence_id, libele, diplome_id) values (15, 'ornare imperdiet sapien', 2);
insert into competence (competence_id, libele, diplome_id) values (16, 'dui maecenas', 2);
insert into competence (competence_id, libele, diplome_id) values (17, 'id massa id nisl venenatis', 1);
insert into competence (competence_id, libele, diplome_id) values (18, 'habitasse platea', 2);
insert into competence (competence_id, libele, diplome_id) values (19, 'non pretium quis', 1);
insert into competence (competence_id, libele, diplome_id) values (20, 'imperdiet nullam orci pede', 1);
insert into competence (competence_id, libele, diplome_id) values (21, 'sit amet diam', 2);
insert into competence (competence_id, libele, diplome_id) values (22, 'augue a suscipit', 1);
insert into competence (competence_id, libele, diplome_id) values (23, 'curae nulla', 2);
insert into competence (competence_id, libele, diplome_id) values (24, 'quam suspendisse potenti nullam', 1);
insert into competence (competence_id, libele, diplome_id) values (25, 'lectus suspendisse', 1);
insert into competence (competence_id, libele, diplome_id) values (26, 'luctus et ultrices posuere', 2);
insert into competence (competence_id, libele, diplome_id) values (27, 'at feugiat non pretium', 1);
insert into competence (competence_id, libele, diplome_id) values (28, 'sapien sapien non', 1);
insert into competence (competence_id, libele, diplome_id) values (29, 'vitae quam', 2);
insert into competence (competence_id, libele, diplome_id) values (30, 'vulputate nonummy maecenas tincidunt', 1);

insert into diplome_apprenant (apprenant_id, diplome_id, valide, date_de_passage) values (4, 1, true, '2023-09-26');
insert into diplome_apprenant (apprenant_id, diplome_id, valide, date_de_passage) values (11, 1, false, '2023-09-19');
insert into diplome_apprenant (apprenant_id, diplome_id, valide, date_de_passage) values (15, 1, false, '2023-12-22');
insert into diplome_apprenant (apprenant_id, diplome_id, valide, date_de_passage) values (1, 1, false, '2023-10-19');
insert into diplome_apprenant (apprenant_id, diplome_id, valide, date_de_passage) values (7, 2, true, '2023-11-19');
insert into diplome_apprenant (apprenant_id, diplome_id, valide, date_de_passage) values (10, 2, false, '2023-03-20');
insert into diplome_apprenant (apprenant_id, diplome_id, valide, date_de_passage) values (10, 1, true, '2023-01-26');
insert into diplome_apprenant (apprenant_id, diplome_id, valide, date_de_passage) values (5, 1, false, '2023-10-12');
insert into diplome_apprenant (apprenant_id, diplome_id, valide, date_de_passage) values (19, 1, false, '2023-05-12');
insert into diplome_apprenant (apprenant_id, diplome_id, valide, date_de_passage) values (7, 1, false, '2023-10-28');
insert into diplome_apprenant (apprenant_id, diplome_id, valide, date_de_passage) values (18, 1, false, '2023-07-01');
insert into diplome_apprenant (apprenant_id, diplome_id, valide, date_de_passage) values (1, 2, false, '2023-10-01');
insert into diplome_apprenant (apprenant_id, diplome_id, valide, date_de_passage) values (14, 1, true, '2023-10-28');
insert into diplome_apprenant (apprenant_id, diplome_id, valide, date_de_passage) values (17, 2, true, '2023-12-10');
insert into diplome_apprenant (apprenant_id, diplome_id, valide, date_de_passage) values (4, 2, false, '2023-12-08');
insert into diplome_apprenant (apprenant_id, diplome_id, valide, date_de_passage) values (19, 2, true, '2023-12-11');
insert into diplome_apprenant (apprenant_id, diplome_id, valide, date_de_passage) values (13, 1, false, '2023-10-01');
insert into diplome_apprenant (apprenant_id, diplome_id, valide, date_de_passage) values (12, 1, true, '2023-05-22');
insert into diplome_apprenant (apprenant_id, diplome_id, valide, date_de_passage) values (12, 2, true, '2023-02-24');
insert into diplome_apprenant (apprenant_id, diplome_id, valide, date_de_passage) values (8, 1, true, '2023-04-13');

insert into group_comp_exo (group_id, competence_id, exercice_id, valide) values (10, 8, 2, false);
insert into group_comp_exo (group_id, competence_id, exercice_id, valide) values (1, 28, 5, false);
insert into group_comp_exo (group_id, competence_id, exercice_id, valide) values (null, 19, 4, true);
insert into group_comp_exo (group_id, competence_id, exercice_id, valide) values (4, 28, 1, true);
insert into group_comp_exo (group_id, competence_id, exercice_id, valide) values (2, 13, 1, false);
insert into group_comp_exo (group_id, competence_id, exercice_id, valide) values (8, 30, 2, false);
insert into group_comp_exo (group_id, competence_id, exercice_id, valide) values (2, 20, 3, true);
insert into group_comp_exo (group_id, competence_id, exercice_id, valide) values (9, 21, 1, false);
insert into group_comp_exo (group_id, competence_id, exercice_id, valide) values (3, 3, 2, true);
insert into group_comp_exo (group_id, competence_id, exercice_id, valide) values (7, 4, 2, false);
insert into group_comp_exo (group_id, competence_id, exercice_id, valide) values (9, 21, 5, false);
insert into group_comp_exo (group_id, competence_id, exercice_id, valide) values (10, 14, 4, false);
insert into group_comp_exo (group_id, competence_id, exercice_id, valide) values (5, 2, 3, false);
insert into group_comp_exo (group_id, competence_id, exercice_id, valide) values (4, 1, 2, true);
insert into group_comp_exo (group_id, competence_id, exercice_id, valide) values (5, 7, 2, true);
insert into group_comp_exo (group_id, competence_id, exercice_id, valide) values (6, 9, 4, true);
insert into group_comp_exo (group_id, competence_id, exercice_id, valide) values (2, 25, 3, false);
insert into group_comp_exo (group_id, competence_id, exercice_id, valide) values (8, 19, 2, true);
insert into group_comp_exo (group_id, competence_id, exercice_id, valide) values (6, 5, 1, false);
insert into group_comp_exo (group_id, competence_id, exercice_id, valide) values (8, 25, 2, true);
insert into group_comp_exo (group_id, competence_id, exercice_id, valide) values (8, 7, 4, true);
insert into group_comp_exo (group_id, competence_id, exercice_id, valide) values (10, 23, 1, true);
insert into group_comp_exo (group_id, competence_id, exercice_id, valide) values (2, 16, 5, true);
insert into group_comp_exo (group_id, competence_id, exercice_id, valide) values (3, 22, 3, false);
insert into group_comp_exo (group_id, competence_id, exercice_id, valide) values (7, 28, 2, true);
insert into group_comp_exo (group_id, competence_id, exercice_id, valide) values (1, 9, 3, true);

insert into materiel (materiel_id, apprenant_id, libele) values (1, 10, 'a libero nam dui');
insert into materiel (materiel_id, apprenant_id, libele) values (2, 5, 'dapibus at diam');
insert into materiel (materiel_id, apprenant_id, libele) values (3, 20, 'dignissim vestibulum');
insert into materiel (materiel_id, apprenant_id, libele) values (4, null, 'non interdum in ante');
insert into materiel (materiel_id, apprenant_id, libele) values (5, 17, 'augue aliquam');
insert into materiel (materiel_id, apprenant_id, libele) values (6, 9, 'ultrices libero non mattis');
insert into materiel (materiel_id, apprenant_id, libele) values (7, 8, 'nisi venenatis tristique');
insert into materiel (materiel_id, apprenant_id, libele) values (8, 19, 'sapien arcu');
insert into materiel (materiel_id, apprenant_id, libele) values (9, null, 'neque vestibulum eget');
insert into materiel (materiel_id, apprenant_id, libele) values (10, 18, 'velit vivamus vel nulla eget');
insert into materiel (materiel_id, apprenant_id, libele) values (11, 10, 'sit amet nunc');
insert into materiel (materiel_id, apprenant_id, libele) values (12, 3, 'in faucibus');
insert into materiel (materiel_id, apprenant_id, libele) values (13, 6, 'purus eu magna vulputate');
insert into materiel (materiel_id, apprenant_id, libele) values (14, null, 'faucibus orci luctus');
insert into materiel (materiel_id, apprenant_id, libele) values (15, 1, 'in felis');
insert into materiel (materiel_id, apprenant_id, libele) values (16, 15, 'pellentesque quisque porta volutpat');
insert into materiel (materiel_id, apprenant_id, libele) values (17, 1, 'sit amet turpis elementum ligula');
insert into materiel (materiel_id, apprenant_id, libele) values (18, null, 'lobortis ligula sit amet');
insert into materiel (materiel_id, apprenant_id, libele) values (19, 20, 'nisl aenean lectus');
insert into materiel (materiel_id, apprenant_id, libele) values (20, null, 'nulla tempus');
insert into materiel (materiel_id, apprenant_id, libele) values (21, 14, 'fusce posuere');
insert into materiel (materiel_id, apprenant_id, libele) values (22, 7, 'habitasse platea');
insert into materiel (materiel_id, apprenant_id, libele) values (23, 17, 'integer aliquet massa');
insert into materiel (materiel_id, apprenant_id, libele) values (24, null, 'vestibulum vestibulum');
insert into materiel (materiel_id, apprenant_id, libele) values (25, 15, 'vestibulum quam sapien');
insert into materiel (materiel_id, apprenant_id, libele) values (26, 17, 'egestas metus aenean fermentum donec');
insert into materiel (materiel_id, apprenant_id, libele) values (27, 7, 'integer non velit');
insert into materiel (materiel_id, apprenant_id, libele) values (28, 20, 'at turpis a');
insert into materiel (materiel_id, apprenant_id, libele) values (29, 2, 'lacus at');
insert into materiel (materiel_id, apprenant_id, libele) values (30, 5, 'quam pede lobortis ligula sit');

insert into absence_apprenant (apprenant_id, date_debut, date_fin) values (4, '2023-02-09', '2023-10-21');
insert into absence_apprenant (apprenant_id, date_debut, date_fin) values (11, '2023-09-08', '2023-10-22');
insert into absence_apprenant (apprenant_id, date_debut, date_fin) values (14, '2023-08-08', '2024-01-15');
insert into absence_apprenant (apprenant_id, date_debut, date_fin) values (2, '2023-11-22', '2023-07-16');
insert into absence_apprenant (apprenant_id, date_debut, date_fin) values (10, '2023-08-31', '2023-12-12');
insert into absence_apprenant (apprenant_id, date_debut, date_fin) values (8, '2023-08-31', '2023-07-18');
insert into absence_apprenant (apprenant_id, date_debut, date_fin) values (16, '2023-04-20', '2023-06-01');
insert into absence_apprenant (apprenant_id, date_debut, date_fin) values (6, '2023-09-14', '2023-09-01');
insert into absence_apprenant (apprenant_id, date_debut, date_fin) values (20, '2023-12-17', '2023-04-28');
insert into absence_apprenant (apprenant_id, date_debut, date_fin) values (13, '2023-04-02', '2023-04-28');
insert into absence_apprenant (apprenant_id, date_debut, date_fin) values (11, '2023-08-21', '2023-03-12');
insert into absence_apprenant (apprenant_id, date_debut, date_fin) values (18, '2023-08-17', '2023-04-01');
insert into absence_apprenant (apprenant_id, date_debut, date_fin) values (7, '2023-06-04', '2023-10-25');
insert into absence_apprenant (apprenant_id, date_debut, date_fin) values (2, '2024-01-16', '2023-12-20');
insert into absence_apprenant (apprenant_id, date_debut, date_fin) values (14, '2023-05-25', '2023-12-06');
insert into absence_apprenant (apprenant_id, date_debut, date_fin) values (6, '2023-03-19', '2023-05-17');
insert into absence_apprenant (apprenant_id, date_debut, date_fin) values (13, '2023-06-04', '2023-07-24');
insert into absence_apprenant (apprenant_id, date_debut, date_fin) values (2, '2023-03-24', '2023-10-05');
insert into absence_apprenant (apprenant_id, date_debut, date_fin) values (13, '2023-05-06', '2023-05-24');
insert into absence_apprenant (apprenant_id, date_debut, date_fin) values (6, '2023-11-03', '2023-07-31');
insert into absence_apprenant (apprenant_id, date_debut, date_fin) values (2, '2023-01-23', '2023-02-05');
insert into absence_apprenant (apprenant_id, date_debut, date_fin) values (14, '2023-09-09', '2023-05-23');
insert into absence_apprenant (apprenant_id, date_debut, date_fin) values (2, '2023-10-15', '2023-08-17');
insert into absence_apprenant (apprenant_id, date_debut, date_fin) values (12, '2023-11-12', '2023-12-07');
insert into absence_apprenant (apprenant_id, date_debut, date_fin) values (20, '2023-04-01', '2023-05-12');
insert into absence_apprenant (apprenant_id, date_debut, date_fin) values (2, '2023-05-19', '2023-05-15');
insert into absence_apprenant (apprenant_id, date_debut, date_fin) values (3, '2023-09-11', '2023-03-29');
insert into absence_apprenant (apprenant_id, date_debut, date_fin) values (17, '2023-12-31', '2023-09-01');
insert into absence_apprenant (apprenant_id, date_debut, date_fin) values (15, '2023-02-15', '2023-12-03');
insert into absence_apprenant (apprenant_id, date_debut, date_fin) values (19, '2023-05-11', '2023-04-22');
